[
  {
    "id": "aa533827-be2d-4fa7-b528-ae0d24bc96ae",
    "data": [
      {
        "text": "deserts",
        "userDefined": false
      }
    ],
    "isTemplate": false,
    "count": 0,
    "lang": "en",
    "updated": 0
  },
  {
    "id": "6f55fe6b-1711-48cc-86c2-18c8974d5454",
    "data": [
      {
        "text": "drinks",
        "userDefined": false
      }
    ],
    "isTemplate": false,
    "count": 0,
    "lang": "en",
    "updated": 0
  },
  {
    "id": "ad3a5866-fd49-4800-a1d3-dfb77bbb7d07",
    "data": [
      {
        "text": "deserts \u0026 drinks",
        "userDefined": false
      }
    ],
    "isTemplate": false,
    "count": 0,
    "lang": "en",
    "updated": 0
  }
]